1,170,"28 Days Later...","2003-06-05 00:00:00","/pQ9e31N6CnxIDxhtKqbpVmdAhjn.jpg","Twenty-eight days after a killer virus was accidentally unleashed from a British research facility, a small group of London survivors are caught in a desperate struggle to protect themselves from the infected. Carried by animals and humans, the virus turns those it infects into homicidal maniacs -- and it's absolutely impossible to contain."
2,1562,"28 Weeks Later","2007-08-30 00:00:00","/4I4gDqEfZ6X2Itu9CIQjgmCdNDL.jpg","In this chilling sequel to 28 Days Later, the inhabitants of the British Isles appear to have lost their battle against the onslaught of disease, as the deadly rage virus has killed every citizen there. Six months later, a group of Americans dare to set foot on the isles, convinced the danger has come and gone. But it soon becomes all too clear that the scourge continues to live, waiting to pounce on its next victims."
3,42941,"30 Days of Night: Dark Days","2010-10-05 00:00:00","/aWzQkVaSXihB9ZUquaTc4uSwLZ8.jpg","After surviving the incidents in Barrow, Alaska, Stella Olemaun relocates to Los Angeles, where she intentionally attracts the attention of the local vampire population in order to avenge the death of her husband, Eben."
4,72331,"Abraham Lincoln: Vampire Hunter","2012-06-22 00:00:00","/lHcaLiPDDrLmJAL2MTlMzgM2s2x.jpg","President Lincoln's mother is killed by a supernatural creature, which fuels his passion to crush vampires and their slave-owning helpers."
5,10961,"Behind the Mask: The Rise of Leslie Vernon","2006-01-01 00:00:00","/hLTR6TvLNOYOB0iCZYgrMW2qbko.jpg","The next great psycho horror slasher has given a documentary crew exclusive access to his life as he plans his reign of terror over the sleepy town of Glen Echo, all the while deconstructing the conventions and archetypes of the horror genre for them."
6,9926,"BloodRayne","2005-10-23 00:00:00","/x2hDlLlLXaFBDwSdDnMDHks49Wm.jpg","In eighteenth century Romania, Rayne, a dhampir (half-human, half-vampire), prone to fits of blind blood rage but saddled with a compunction for humans, strives to avenge her mother's rape by her father, Kagan, King of Vampires. Two vampire hunters, Sebastian and Vladimir, from the Brimstone Society persuade her to join their cause."
7,11531,"Book of Shadows: Blair Witch 2","2000-10-27 00:00:00","/2XZFTGZIvvgzbk8dw9vMywb5LZr.jpg","Young adults become fascinated by the events of the three missing filmmakers in Maryland, so they decide to go into the same woods and find out what really happened."
8,11547,"Cabin Fever","2002-09-14 00:00:00","/u8l0CVUu4EFW4RSDCXGhx2TslB7.jpg","A group of five college graduates rent a cabin in the woods and begin to fall victim to a horrifying flesh-eating virus, which attracts the unwanted attention of the homicidal locals."
9,28739,"Cabin Fever 2: Spring Fever","2009-08-21 00:00:00","/c4mruY4gJOau2ZZvZfoe6Ict2vz.jpg","A high school prom faces a deadly threat: a flesh-eating virus that spreads via a popular brand of bottled water."
10,24920,"City of the Living Dead","1980-08-11 00:00:00","/z65LpjjXmLubteL4KAE0wz01ggr.jpg","City of the Living Dead (Italian: Paura nella città dei morti viventi, also known as The Gates of Hell) is a 1980 Italian horror film directed by Lucio Fulci. It is the first installment of the unofficial Gates of Hell trilogy which also includes The Beyond and The House by the Cemetery. Fulci makes an uncredited cameo appearance as Dr. Joe Thompson in the film."
11,10727,"Darkness Falls","2003-01-24 00:00:00","/e9DXWFWyMTawII8XALD2rSLTZ2o.jpg","A vengeful spirit has taken the form of the Tooth Fairy to exact vengeance on the town that lynched her 150 years earlier. Her only opposition is the only child, now grown up, who has survived her before"
12,114789,"Dead Season","2012-05-15 00:00:00","/nSTg1btnQIztKHRGYeBgrlLfbCj.jpg","It has been over one year since the start of the outbreak. Our society has collapsed and the world has descended into chaos. Elvis and Tweeter are two of the last people left alive, and band together to flee the United States for a remote island somewhere in the Caribbean. On the island, they find a new community struggling to hold out against an army of corpses. They can join this band of survivors-- but only if they can do what must be done for the good of the group."
13,8814,"Doom","2005-10-21 00:00:00","/7oZj7PCNh3G8xo9xs33suIpubv8.jpg","Space Marines are sent to investigate strange events at a research facility on a distant planet but find themselves at the mercy of genetically enhanced killing machines."
14,26587,"Dread","2009-07-14 00:00:00","/6W3d0ZruFVlJpen27xSoAmx0GuO.jpg","Three college students set out to document what other people dread most."
15,8413,"Event Horizon","1997-08-15 00:00:00","/tkvsloOROyyyDybMPaTaSyYMItD.jpg","In the year 2047 a group of astronauts are sent to investigate and salvage the long lost starship ""Event Horizon"". The ship disappeared mysteriously 7 years before on its maiden voyage and with its return comes even more mystery as the crew of the ""Lewis and Clark"" discover the real truth behind its disappearance and something even more terrifying."
16,86305,"Exit Humanity","2011-10-16 00:00:00","/12MYWgN1IBHyvx2UL2EEMOxZQND.jpg","A decade after the American Civil War, Edward Young returns home from a hunting trip to find a horrific reanimation of his wife and that their son Adam has disappeared. He must battle his way through an unexplainable outbreak of the walking dead."
17,11059,"House of the Dead","2003-10-10 00:00:00","/4Z1m6Q5n5GqZB3FcZqdZjPTl0vk.jpg","Set on an island off the coast, a techno rave party attracts a diverse group of college coeds and a Coast Guard officer. Soon, they discover that their X-laced escapades are to be interrupted by zombies and monsters that attack them on the ground, from the air, and in the sea, ruled by an evil entity in the House of the Dead... Prequel to the House of the Dead video games."
18,29293,"House of the Dead 2","2006-02-11 00:00:00","/hz8pBEcn9uV8lQ5hNvH0E2vJzBD.jpg","In Guesta Verde University, the deranged Professor Curien is trying to bring back the dead, killing students for the experiment. There is an outbreak of zombies in the campus, and the government sends a NSA medical research team, formed by Dr. Alexandra Morgan a.k.a. Nightingale and lieutenant Ellis, with a special force leaded by lieutenant Dalton, trying to get the zero sample from the first generation zombie. The team has a very short time to accomplish their mission and leave the place before missiles are sent to destroy the area. However, the place is crowded of hyper sapiens and the group has to fight to survive."
19,10066,"House of Wax","2005-05-06 00:00:00","/mlLHueKU7upuFHowQK80O96xp7O.jpg","A group of unwitting teens are stranded near a strange wax museum and soon must fight to survive and keep from becoming the next exhibit."
20,11377,"House on Haunted Hill","1999-10-27 00:00:00","/yedchBbI23FgDjWP1tvahOZgiks.jpg","A remake of the 1959 film of the same name. A millionaire offers a group of diverse people $1,000,000 to spend the night in a haunted house with a horrifying past."
21,43947,"I Spit on Your Grave","2010-10-08 00:00:00","/7hA8FfUAwBJut4MSIhR6eCF8li7.jpg","A remake of the 1979 controversial cult classic, I Spit on Your Grave retells the horrific tale of writer Jennifer Hills who takes a retreat from the city to a charming cabin in the woods to start on her next book. But Jennifer's presence in the small town attracts the attention of a few morally deprived locals led by Johnny, the town's service station owner, his two co-workers, Andy and Stanley, who along with their socially and mentally challenged friend Matthew, set out one night to teach this city girl a lesson."
22,49018,"Insidious","2011-04-01 00:00:00","/dsV14onDYOVkGQsT7u1tjhKKPPh.jpg","Insidious is the terrifying story of a family who shortly after moving discover that dark spirits have possessed their home and that their son has inexplicably fallen into a coma. Trying to escape the haunting and save their son, they move again only to realise that it was not their house that was haunted."
23,63207,"Intruders","2011-09-16 00:00:00","/1Z1cK30TV0wzLh05OGjtEuPZ786.jpg","Though no one can see him, Hollow Face lurks in the corners, desperately desiring love but only knowing how to spread fear and hate. He creeps into the life of John Farrow (Clive Owen) after Farrow’s beloved 13-year-old daughter Mia (Ella Purnell) is assaulted in their home. The line between the real and the imaginary blurs as fissures start to open within the family unit. It seems that no security measure can keep Hollow Face out."
24,17618,"Laid To Rest","2009-04-02 00:00:00","/7w5ILB56HtAhyJTCQpwdDyym3gX.jpg","A terrifying story of a young girl who wakes up in a casket with a traumatic head injury and no memory of her identity. She quickly realizes she was abducted by a Deranged Serial Murderer and in an isolated rural town she must survive the night and outsmart the technologically inclined killer who is hellbent on finishing what he started."
25,55723,"ChromeSkull: Laid to Rest 2","2011-09-20 00:00:00","/mcAp24SK98rjwvj8HuTQrjrvohG.jpg","""ChromeSkull"" is the sequel to the 2009 horror hit ""Laid to Rest."" It brings back ChromeSkull, who barely escaped death in the first movie and is hell-bent on continuing where he left off... and forging a new path of terror and destruction."
26,11683,"Land of the Dead","2005-06-24 00:00:00","/1VYvkSiyJg9Za2R5KSHjUygLKEq.jpg","The world is full of zombies and the survivors have barricaded themselves inside a walled city to keep out the living dead. As the wealthy hide out in skyscrapers and chaos rules the streets, the rest of the survivors must find a way to stop the evolving zombies from breaking into the city."
27,27346,"Maniac","1980-12-26 00:00:00","/qmU3xYrcE0fLja9IbixOs9vhtTC.jpg","A schizoid serial killer randomly stalks and kills various young women in New York, which he sees as revenge for the mistreatment he got while being raised by his own abusive mother."
28,10331,"Night of the Living Dead","1968-10-01 00:00:00","/aNAgmnLyK0EsPzsjR2i1wHQufjf.jpg","A group of people try to survive an attack of bloodthirsty zombies while trapped in a rural Pennsylvania farmhouse. Although not the first zombie film, Night of the Living Dead is the progenitor of the contemporary ""zombie apocalypse"" horror film, and it greatly influenced the modern pop-culture zombie archetype."
29,10370,"Premutos - Der gefallene Engel","1997-01-01 00:00:00","/4z5jrv3q9enUcRN1HQo83HdIvPg.jpg","No overview found."
30,48572,"Red State","2011-09-23 00:00:00","/7Od7Aefv1yI1jCwPaHC8gt93kRP.jpg","Set in Middle America, a group of teens receive an online invitation for sex, though they soon encounter Christian fundamentalists with a much more sinister agenda."
31,13564,"Return to House on Haunted Hill","2007-10-16 00:00:00","/gBXOOz9KWjWlfeZxIIat7NGJPZd.jpg","Eight years have passed since Sara Wolfe and Eddie Baker escaped the House on Haunted Hill. Now the kidnapped Ariel, Sara's sister, goes inside the house with a group of treasure hunters to find the statue of Baphomet, worth millions and believed to be the cause of the House's evil."
32,588,"Silent Hill","2006-04-21 00:00:00","/q1Y14VSFA4As5pWRFQ51yrqyG4M.jpg","A girl has a bad case of sleep walking and while dreaming talks about a place called Silent Hill. Her parents take her to this place that she only mentions in dreams yet in an attempt to get there they crash their car and loose their daughter. They begin searching for her yet not knowing the dangers that lurk in Silent Hill."
33,563,"Starship Troopers","1997-11-07 00:00:00","/7Q5HxiAgCbxCImAAlH97MaNUEbj.jpg","The story follows a young soldier named Johnny Rico and his exploits in the Mobile Infantry, a futuristic military unit. Rico's military career progresses from recruit to non-commissioned officer and finally to officer against the backdrop of an interstellar war between mankind and an arachnoid species known as ""the Bugs""."
34,11127,"Starship Troopers 3: Marauder","2008-08-05 00:00:00","/1ZAnyXWOlY0oz1zXaLs0quogUD2.jpg","The war against the Bugs continues! A Federation Starship crash-lands on the distant Alien planet OM-1, stranding beloved leader Sky Marshal Anoke and several others, including comely but tough pilot Lola Beck. It's up to Colonel/General Johnny Rico, reluctant hero of the original Bug Invasion on Planet P, to lead a team of Troopers on a daring rescue mission."
35,10065,"The Amityville Horror","2005-04-15 00:00:00","/oQ7SeVZPBGfu2bGssDrcMtUFg9L.jpg","Hapless home buyers George and Kathy Lutz discover their dream home is possessed by evil spirits in this terrifying remake of the 1979 horror classic, based on Jay Anson's popular book -- and a reportedly real-life haunting. As it turns out, the Lutzes home has a bloody history (a former occupant killed his entire family there just a year earlier), so it doesn't take long for terror to come knocking."
36,22970,"The Cabin in the Woods","2012-04-13 00:00:00","/t8cW3FSCDYCaWRiNHSvI6SDuWeA.jpg","Five college friends spend the weekend at a remote cabin in the woods, where they get more than they bargained for. Together, they must discover the truth behind the cabin in the woods."
37,34480,"The Descent: Part II","2009-10-14 00:00:00","/4MMAm0bXTvCZbJPIhrk7wWtQyoq.jpg","Distraught, confused, and half-wild with fear, Sarah Carter emerges alone from the Appalachian cave system where she encountered unspeakable terrors. Unable to plausibly explain to the authorities what happened - or why she's covered in her friends' blood - Sarah is forced back to the subterranean depths to help locate her five missing companions."
38,76487,"The Devil Inside","2012-01-06 00:00:00","/xClxu7PoHWMpCHHaqd3ZRdwOCnr.jpg","In Italy, a woman becomes involved in a series of unauthorized exorcisms during her mission to discover what happened to her mother, who allegedly murdered three people during her own exorcism."
39,70386,"The Devil's Rock","2011-07-08 00:00:00","/mbgLvZ2USeclVwXZCalKBqjIFV2.jpg","Set in the Channel Islands on the eve of D Day,two Kiwi commandos, sent to destroy German gun emplacements to distract Hitler's forces away from Normandy, discover a Nazi occult plot to unleash demonic forces to win the war."
40,790,"The Fog","1980-02-08 00:00:00","/u9wAIHya0BHJvGJh3mBPr010U7C.jpg","The coastal city Antonia Bay of just one hundred inhabitants is about a receive a visit from a group of ghost seamen who want revenge for past wrongdoings. The Fog is the cult-horror film from John Carpenter that was also a success in theaters."
41,24001,"The Hills Run Red","2009-09-29 00:00:00","/qrWyk5g0DCy48DIe3n3ozzPo3SO.jpg","A group of young horror fans go searching for a film that mysteriously vanished years ago but instead find that the demented killer from the movie is real, and he's thrilled to meet fans who will die gruesomely for his art."
42,15667,"The Last Winter","2006-09-11 00:00:00","/1vQnBgMBLpbX3KE2RuoCCkkNeA2.jpg","In the Arctic region of Northern Alaska, an oil company's advance team struggles to establish a drilling base that will forever alter the pristine land. After one team member is found dead, a disorientation slowly claims the sanity of the others as each of them succumbs to a mysterious fear."
43,9373,"The Texas Chainsaw Massacre","2003-10-17 00:00:00","/gx7FCIOFGxqNyplF3t7qtmUv55g.jpg","The only known survivor of a 1973 killing spree, dubbed The Texas Chainsaw Massacre, breaks her silence and comes forward to tell the real story of what happened on that bloody day. She recounts the grisly events that led her and her four teenage friends to a deserted rural Texas highway and straight into the clutches of a chainsaw-wielding madman who left a trail of blood and terror."
44,14254,"The Uninvited","2009-01-30 00:00:00","/2EK387xtxj7ypUXKXdoV8RRYXga.jpg","Anna returns home after spending time in a psychiatric facility following her mother's tragic death and discovers that her mother's former nurse, Rachel, has moved into their house and become engaged to her father, Steven. Soon after she learns this shocking news, Anna is visited by her mother's ghost, who warns her that Rachel has evil intentions."
45,65086,"The Woman in Black","2012-02-03 00:00:00","/j1Uek5DyMH9jgrUCGfwLgWBDRjp.jpg","The story follows a young lawyer, Arthur Kipps, who is ordered to travel to a remote village and sort out a recently deceased client’s papers. As he works alone in the client’s isolated house, Kipps begins to uncover tragic secrets, his unease growing when he glimpses a mysterious woman dressed only in black. Receiving only silence from the locals, Kipps is forced to uncover the true identity of the Woman in Black on his own, leading to a desperate race against time when he discovers her true identity."
46,23202,"Trick 'r Treat","2007-10-05 00:00:00","/evI1rvNgKgbEDnG6Ah3csEXnclB.jpg","Four interwoven stories that occur on Halloween: An everyday high school principal has a secret life as a serial killer; a college virgin might have just met the one guy for her; a group of teenagers pull a mean prank; a woman who loathes the night has to contend with her holiday-obsessed husband."
47,8991,"Undead","2003-09-04 00:00:00","/qG5HBy49q3wvKT8nqEKkb4g7HSF.jpg","A quaint Australian fishing village is overcome by meteorites that turn its residents into the ravenous undead, leaving a small group of those unharmed to find a way out."
48,132137,"Werewolf: The Beast Among Us","2012-10-09 00:00:00","/2BsC2w75HNj3SrTjiqB7ObrjZYl.jpg","Set in a 19th century village, a young man studying under a local doctor joins a team of hunters on the trail of a wolf-like creature."
49,8077,"Alien³","1992-05-22 00:00:00","/vz1vBw17F0x42bhziHdYRJC9uCv.jpg","After escaping with Newt and Hicks from the alien planet, Ripley crash lands on Fiorina 161, a prison planet and host to a correctional facility. Unfortunately, although Newt and Hicks do not survive the crash, a more unwelcome visitor does. The prison does not allow weapons of any kind, and with aid being a long time away, the prisoners must simply survive in any way they can."
50,8078,"Alien: Resurrection","1997-11-26 00:00:00","/wawS3SiVn2YolbYJYqThuUaJ0Gq.jpg","Two hundred years after Lt. Ripley died, a group of scientists clone her, hoping to breed the ultimate weapon. But the new Ripley is full of surprises … as are the new aliens. Ripley must team with a band of smugglers to keep the creatures from reaching Earth."
51,36648,"Blade: Trinity","2004-12-08 00:00:00","/4WinsdHQBdh5aTt7Bd7T7dbUXbb.jpg","For years, Blade has fought against the vampires in the cover of the night. But now, after falling into the crosshairs of the FBI, he is forced out into the daylight, where he is driven to join forces with a clan of human vampire hunters he never knew existed - The Nightstalkers. Together with Abigail and Hannibal, two deftly trained Nightstalkers, Blade follows a trail of blood to the ancient creature that is also hunting him, the original vampire, Dracula."
52,4488,"Friday the 13th","1980-05-09 00:00:00","/xLsIN3J5qODYWe3Vwk8C7vFXzq7.jpg","Terror and suspense abound in this 24-hour nightmare of blood. Camp Crystal Lake has been shuttered for over 20 years due to several vicious and unsolved murders. The camp's new owner and seven young counselors are readying the property for re-opening despite warnings of a ""death curse"" by local residents. The curse proves true on Friday the 13th as one by one each of the counselors is stalked by a violent killer."
53,9725,"Friday the 13th Part 2","1981-05-01 00:00:00","/3c6uMXqFXO9G5RVdiPB76IK3FYM.jpg","Five years after the horrible bloodbath at Camp Crystal Lake, it seems Jason Voorhees and his demented mother are in the past. Paul opens up a new camp close to the infamous site, ignoring warnings to stay away, and a sexually-charged group of counselors follow -- including child psychologist major Ginny. But Jason has been hiding out all this time, and now he's ready for revenge."
54,9728,"Friday the 13th Part 3","1982-08-13 00:00:00","/5wg2NZyIhcMbIBAahBODXHyJ54S.jpg","An idyllic summer turns into a nightmare of unspeakable terror for yet another group of naive counselors. Ignoring Camp Crystal Lake's bloody legacy, one by one they fall victim to the maniacal Jason who stalks them at every turn."
55,9730,"Friday the 13th: The Final Chapter","1984-04-13 00:00:00","/p5wiO9KgZH78Kvo1L6dPz8uECJ9.jpg","After the Crystal Lake Massacres, Jason is pronounced dead and taken to the hospital morgue, where he is mysteriously revived, allowing his diabolical killing spree to continue at the camp where the gruesome slaughtering began. But this time, in addition to terrified teenagers, he meets a young boy named Tommy who has a special talent for horror masks and make up, leading up to a horrifying, bloody battle! Has Jason finally met his match?"
56,9731,"Friday the 13th: A New Beginning","1985-03-22 00:00:00","/aoc6F4Oif0JskHKO1tzZOaopYbF.jpg","Homicidal maniac Jason returns from the grave to cause more bloody mayhem. Young Tommy may have escaped from Crystal Lake, but he’s still haunted by the gruesome events that happened there. When gory murders start happening at the secluded halfway house for troubled teens where he now lives, it seems like his nightmarish nemesis, Jason, is back for more sadistic slaughters. But as things spiral out of control and the body count rises, Tommy begins to wonder if he’s become the killer he fears most."
57,10225,"Jason Lives: Friday the 13th Part VI","1986-08-01 00:00:00","/le636yjPeWkC74nPDIZiQBH1CVt.jpg","As a child, Tommy killed mass-murderer Jason. But now, years later, he is tormented by the fear that maybe Jason isn’t really dead. Determined to finish off the infamous killer once and for all, Tommy and a friend dig up Jason’s corpse in order to cremate him. Unfortunately, things go seriously awry, and Jason is instead resurrected, sparking a new chain of ruthlessly brutal murders. Now it’s up to Tommy to stop the dark, devious and demented deaths that he unwittingly brought about."
58,10281,"Friday the 13th Part VII: The New Blood","1988-05-13 00:00:00","/mt5ijxnTC5a0sS1oPD58Gt9UT5N.jpg","Tina possesses the gift of telekinesis, allowing her to move things and see the future, using the power of her mind. But when a devious doctor tries to exploit her ability, the gift becomes a hellish curse. Tina unwittingly unchains the merciless bloodthirsty Jason Voorhees from his watery grave, igniting a bloodbath that ends in the ultimate showdown in strength of mind versus pure evil matter."
59,10283,"Friday the 13th Part VIII: Jason Takes Manhattan","1989-07-28 00:00:00","/cQc4GU9uBZUZh2x2QTigNvuBbWC.jpg","The Big Apple's in big trouble, as indestructible psycho-fiend Jason Vorhees hits the road to New York City. After a shocking return from beyond the grave, the diabolical Jason ships out abroad a teen-filled ""love boat"" bound for New York, which he soon transforms into the ultimate voyage of the damned. Then one of his terrified victims escapes into the nightmarish maze of Manhattan's subways and sewers, only to confront Jason one final time."
60,10285,"Jason Goes to Hell: The Final Friday","1993-08-13 00:00:00","/kSeV161N641qb8ggXyjSP2FKjIr.jpg","Jason Voorhees, the living, breathing essence of evil, is back for one fierce, final fling! Tracked down and blown to bits by a special FBI task force, everyone now assumes that he's finally dead. But everybody assumes wrong. Jason has been reborn with the bone-chilling ability to assume the identity of anyone he touches. The terrifying truth is that he could be anywhere, or anybody. In this shocking, blood-soaked finale to Jason's carnage-ridden reign of terror, the horrible secret of his unstoppable killing instinct is finally revealed."
61,11470,"Jason X","2001-07-24 00:00:00","/3enTBQWIphXZ4AuPcgUDrHXnP3P.jpg","In the year 2455, Old Earth is now a contaminated planet abandoned for centuries -- a brown world of violent storms, toxic landmasses and poisonous seas. Yet humans have returned to the deadly place that they once fled, not to live, but to research the ancient, rusting artifacts of the long-gone civilizations. But it's not the harmful environment that could prove fatal to the intrepid, young explorers who have just landed on Old Earth. For them, it's Friday the 13th, and Jason lives!"
62,11281,"Halloween 2","1981-10-30 00:00:00","/wWWosuveryEoycE5Hh9v4CrTRyH.jpg","It's the same night as the original Halloween. Michael Myers is around the neighborhood, after being gunned by Dr.Loomis six times. Now, he's in a hospital where the girl Laurie Strode was taken. And there's a reason why Michael is after her..."
63,10676,"Halloween III: Season of the Witch","1982-10-22 00:00:00","/5uBGnab5nt9UfSPyH40M4PW4pZG.jpg","Dr. Daniel Challis and Ellie Grimbridge stumble onto a gruesome murder scheme when Ellie's novelty-salesman father, Harry, is killed while in possession of a strange mask made by the Silver Shamrock mask company. The company's owner, Conal Cochran, wants to return Halloween to its darker roots using his masks -- and his unspeakable scheme would unleash death and destruction across the country."
64,11357,"Halloween 4: The Return of Michael Myers","1988-10-21 00:00:00","/6R6dVhHS7HL0QDnPRw3VNvUmuXc.jpg","The legend of that creepy masked-man, Michael Myers, comes to life once again in this fourth installment of the successful horror franchise. This time, it's Michael's niece, Jamie, who can't seem to escape her crazy uncle. With Michael on the loose, Jamie enlists the help of good old Dr. Loomis to stop the murderer. This time, though, there seems to be no end to Michael's madness."
65,11361,"Halloween 5: The Revenge of Michael Myers","1989-10-13 00:00:00","/gBznaG3atTK2RYbEk70SFfrPW9m.jpg","Presumed dead after a shoot-out with the Haddonfield police, Michael Myers is secretly nursed back to health -- and returns a year later to kill again and once more targets his young niece, Jamie. Jamie is now recovering in the local children's hospital after attacking her stepmother and losing her voice. Her mental link with her evil uncle may be the key to uprooting her family tree."
66,10987,"Halloween: The Curse of Michael Myers","1995-09-29 00:00:00","/ePBAdKfjvZgOFcvXbfVuKtOfAO9.jpg","Six years ago, Michael Myers terrorized the town of Haddonfield, Illinois. He and his niece, Jamie Lloyd, have disappeared. Jamie was kidnapped by a bunch of evil druids who protect Michael Myers. And now, six years later, Jamie has escaped after giving birth to Michael's child. She runs to Haddonfield to get Dr. Loomis to help her again."
67,11442,"Halloween: Resurrection","2002-07-01 00:00:00","/lP0B05sWNktVxHGCqhH0rt2xfV3.jpg","Serial Killer Michael Myers is not finished with Laurie Strode, and their rivalry finally comes to an end. But is this the last we see of Myers? Freddie Harris and Nora Winston are reality programmers at DangerTainment, and are planning to send a group of 6 thrill-seeking teenagers into the childhood home of Myers. Cameras are placed all over the house and no one can get out of the house... and then Michael arrives home!"
68,395,"AVP: Alien vs. Predator","2004-08-13 00:00:00","/driOavPXYUhRUp5053rAoZ0hvvR.jpg","When scientists discover something in the Arctic that appears to be a buried Pyramid, they send a research team out to investigate. Little do they know that they are about to step into a hunting ground where Aliens are grown as sport for the Predator race. The films sees two of the largest comic and movie franchises collide in an all out war."
69,440,"Aliens vs Predator: Requiem","2007-12-25 00:00:00","/xR4Mslyum7bjzAF1rlUX2HrlwhZ.jpg","A sequel to 2004's Alien vs. Predator, the iconic creatures from two of the scariest film franchises in movie history wage their most brutal battle ever - in our own backyard. The small town of Gunnison, Colorado becomes a war zone between two of the deadliest extra-terrestrial life forms - the Alien and the Predator. When a Predator scout ship crash-lands in the hills outside the town, Alien Facehuggers and a hybrid Alien/Predator are released and begin to terrorize the town."
70,1576,"Resident Evil","2002-03-15 00:00:00","/53x0zjXNnlNrHjS6LmLALBPphSU.jpg","When a virus leaks from a top-secret facility, turning all resident researchers into ravenous zombies and their lab animals into mutated hounds from hell, the government sends in an elite military task force to contain the outbreak. Alice and Rain are charged with leading the mission. But they only have three hours before the pathogen becomes airborne and infects the world."
71,35791,"Resident Evil: Afterlife","2010-09-10 00:00:00","/5FnQmepywwWDZRx0UxObX93axln.jpg","In a world ravaged by a virus infection, turning its victims into the Undead, Alice continues on her journey to find survivors and lead them to safety. Her deadly battle with the Umbrella Corporation reaches new heights, but Alice gets some unexpected help from an old friend. A new lead that promises a safe haven from the Undead takes them to Los Angeles, but when they arrive the city is overrun by thousands of Undead - and Alice and her comrades are about to step into a deadly trap."
72,1577,"Resident Evil: Apocalypse","2004-09-10 00:00:00","/2RxmbaRKRIJ9zMgZ7ijWMhFppx3.jpg","As the city is locked down under quarantine, Alice joins a small band of elite soldiers, enlisted to rescue the missing daughter of the creator of the mutating T-virus. It's a heart-pounding race against time as the group faces off against hordes of blood- thirsty zombies, stealthy Lickers, mutant canines and the most sinister foe yet."
73,7737,"Resident Evil: Extinction","2007-09-21 00:00:00","/3sAiP55j0souKMCYlo5wmwWAgaG.jpg","Years after the Racoon City catastrophe, survivors travel across the Nevada desert, hoping to make it to Alaska. Alice joins the caravan and their fight against hordes of zombies and the evil Umbrella Corp."
74,214,"Saw III","2006-10-27 00:00:00","/anWZLD1GS4oumMkf20o2xIMnvlp.jpg","After eluding the cops, psychopathic killer Jigsaw turns an abandoned warehouse on the edge of town into a gruesome torture chamber in this third installment of the horror series. His new protégée Amanda kidnaps a doctor who's forced to keep the evil master alive. Barely clinging to life, Jigsaw begins to carry out his grotesque plans for the lady doc and another helpless victim."
75,663,"Saw IV","2007-10-25 00:00:00","/qJlgwo60JFyakzUBQEpin3iuGWG.jpg","Picking up where its grisly predecessor left off, this Saw finds Jeff Reinhart searching for his missing daughter, but a videotape from the dead serial killer Jigsaw is Jeff's only lead in his frantic hunt. The film switches back and forth in time throughout previous Saw films and ties up some lingering -- and bloody -- loose ends."
76,22804,"Saw VI","2009-10-23 00:00:00","/1gTXWIrtrnKJOkxxSXopknT92zz.jpg","Special Agent Strahm is long gone, and Det. Hoffman is now the heir to John Jigsaw's terrifying legacy. Meanwhile, FBI Agent Erickson is hot on his trail, but Hoffman is about to reveal Jigsaw's grand plot."
77,41439,"Saw 3D: The Final Chapter","2010-10-28 00:00:00","/2ZeuMLh2ywS6uz7L4iNXerHdsrW.jpg","Insane, intense cruelty is the calling card of the Jigsaw killer, whose twisted spirit and terrifying human traps -- recalled in flashbacks following his death in Saw III -- inspire another installment of the hugely successful gore franchise. Led by fellow survivor Bobby Dagen, Jigsaw's past victims band together to support each other."
78,277,"Underworld","2003-09-19 00:00:00","/rdkxl5iXdpVU188cL1LLG3sy6z4.jpg","Vampires and werewolves have waged a nocturnal war against each other for centuries. But all bets are off when a female vampire warrior named Selene, who's famous for her strength and werewolf-hunting prowess, becomes smitten with a peace-loving male werewolf, Michael, who wants to end the war."
79,52520,"Underworld: Awakening","2012-01-20 00:00:00","/76GXWKs2IDi0ZERKLT57wkToV0A.jpg","After being held in a coma-like state for fifteen years, vampire Selene learns that she has a fourteen-year-old vampire/Lycan hybrid daughter named Nissa, and when she finds her, they must stop BioCom from creating super Lycans that will kill them all."
80,834,"Underworld: Evolution","2006-01-20 00:00:00","/fogihlu39MuYgL6pKObI4SQWPOY.jpg","As the war between the vampires and the Lycans rages on, Selene, a former member of the Death Dealers (an elite vampire special forces unit that hunts werewolves), and Michael, the werewolf hybrid, work together in an effort to unlock the secrets of their respective bloodlines."
81,12437,"Underworld: Rise of the Lycans","2009-01-23 00:00:00","/mwptpfDITIcdFqyH71xpLhL7Lwk.jpg","A prequel to the first two Underworld films, this fantasy explains the origins of the feud between the Vampires and the Lycans. Aided by his secret love, Sonja, courageous Lucian leads the Lycans in battle against brutal Vampire king Viktor. Determined to break the king's enslavement of his people, Lucian faces off against the Death Dealer army in a bid for Lycan independence."
82,10351,"Wishmaster","1997-09-19 00:00:00","/m660ZVLJhJm22J86THZU3Am6dGC.jpg","The Djinn having been released from his ancient prison seeks to capture the soul of the woman who discovered him, thereby opening a portal and freeing his fellow Djinn to take over the earth."
83,12594,"Wishmaster 2: Evil Never Dies","1999-03-12 00:00:00","/ocLfJ46clAkLBACbsuP9jQfifJ0.jpg","During a failed art heist, the Djinn is once again liberated. This time, to complete the 1001 wishes that he needs before the final 3, he lets himself go to prison, where he starts his evil reign twisting the hopes of the prisoners. Meanwhile, the woman who set him free accidentally, Morgana, tries to find a way to stop him, aided by a young priest."
84,28635,"Wishmaster 3: Beyond the Gates of Hell","2001-10-23 00:00:00","/fwiZZawZP4JFsXTVcPZhIhXHDZt.jpg","The evil Djinn is back at again, this time wreaking havoc on the students of Illinois' Baxter University. His victim is a beautiful, innocent and studious teenage girl named Diana Collins who accidentally opened up the Djinn's tomb and released him."
85,38157,"Wishmaster 4: The Prophecy Fulfilled","2002-10-22 00:00:00","/8hbHJGkTWnhMrHncAADWMxCeh09.jpg","The unspeakable evil of the soul-devouring djinn rises again in this fourth electrifying installment of the unstoppable Wishmaster horror legacy! But now, as a host of new victims see their most nightmarish wishes come true, the world faces the ultimate demonic terror: an onslaught of multiple djinns hell-bent on destroying everything in their path!"
86,9902,"Wrong Turn","2003-05-18 00:00:00","/kyn0ZC8tvLWuKN85mhlG1lwB1WQ.jpg","Six people find themselves trapped in the woods of West Virginia, hunted down by ""cannibalistic mountain men grossly disfigured through generations of in-breeding."
87,13186,"Wrong Turn 2: Dead End","2007-10-08 00:00:00","/ftmiyfrTrqTi5Qod62nGRP9BGPn.jpg","Retired military commander Colonel Dale Murphy hosts the simulated post-apocalyptic reality show where participants are challenged to survive a remote West Virginia wasteland. But the show turns into a nightmarish showdown when each realizes they are being hunted by an inbred family of cannibals determined to make them all dinner!"
88,23823,"Wrong Turn 3: Left for Dead","2009-01-01 00:00:00","/9J4Me7ZxiTqtF7KyFWp15j0PKqh.jpg","A group of people find themselves trapped in the backwoods of West Virginia, fighting for their lives against a group of vicious and horribly disfigured inbred cannibals."
89,71672,"Wrong Turn 4","2011-10-17 00:00:00","/ogAYr3SdD5j2bFRX5briSOhe0Rw.jpg","Follows a group of friends that decide to go snowmobiling during their winter break. They make a ""wrong turn"", getting lost in a storm."
90,924,"Dawn of the Dead","2004-03-10 00:00:00","/yfqsgzW6AQYmBjIEIq0y9EB1Rgl.jpg","A group of surviving people take refuge in a shopping center after the world has been over taken over by aggressive, flesh-eating zombies. A remake of the 1978 zombie film of the same name."
91,10854,"Wicked Little Things","2006-01-01 00:00:00","/xpe6rYVnvE9LMrfPtrsUiwstURk.jpg","Karen, Sarah, and Emma Tunney are all moving to a small town in Pennsylvania where, unknown to them, in 1913, a horrid mine accident trapped dozens of children alive, underground. But there's a problem. They're still alive."
92,923,"Dawn of the Dead","1978-09-02 00:00:00","/oJSE6vHE7Xt0wlAuUH88uVNBqSI.jpg","Four people take up residence in a deserted shopping mall while trying to stay alive amid the armies of the dead and a vicious gang of militant bikers."
93,8408,"Day of the Dead","1985-07-19 00:00:00","/uxkZhmQTYYZZ0Vt1us7jv516qCs.jpg","The final chapter of George A. Romero's ""Dead Trilogy"". In an underground government installation they are searching for a cure to overcome this strange transformation into zombies. Unfortunately, the zombies from above ground have made their way into the bunker."
94,7219,"Zombi 2","1979-08-25 00:00:00","/wP6FyRrK5PNsyEwDFrrG8Pi9G8n.jpg","Zombi 2 (also known as Zombie, Island of the Living Dead, Zombie Island, Zombie Flesh-Eaters and Woodoo) is a 1979 zombie horror film directed by Lucio Fulci. It is perhaps the best-known of Fulci's films and made him a horror icon. Though the title suggests this is a sequel to Zombi (the Italian title of George A. Romero's Dawn of the Dead), the films are unrelated. When the film was released in 1979 it was scorned for its extremely bloody content, notably by the UK's Conservative government."
95,550,"Fight Club","1999-10-15 00:00:00","/2lECpi35Hnbpa4y46JX0aY3AWTy.jpg","A ticking-time-bomb insomniac and a slippery soap salesman channel primal male aggression into a shocking new form of therapy. Their concept catches on, with underground ""fight clubs"" forming in every town, until an eccentric gets in the way and ignites an out-of-control spiral toward oblivion."
